filename,width,height,class,xmin,ymin,xmax,ymax
1.jpg,300,300,traffic cone,154,33,287,169
10.jpg,300,300,traffic cone,56,23,245,292
100.jpg,300,300,traffic cone,194,205,230,260
101.jpg,300,300,traffic cone,111,70,186,281
102.jpg,300,300,traffic cone,56,25,246,276
103.jpg,300,300,traffic cone,196,46,231,127
104.jpg,300,300,traffic cone,15,64,102,234
104.jpg,300,300,traffic cone,109,31,186,188
104.jpg,300,300,traffic cone,104,93,192,273
104.jpg,300,300,traffic cone,196,53,279,218
105.jpg,300,300,traffic cone,18,9,285,293
106.jpg,300,300,traffic cone,89,20,222,299
107.jpg,300,300,traffic cone,47,21,273,269
108.jpg,300,300,traffic cone,112,160,289,293
109.jpg,300,300,traffic cone,34,41,109,204
109.jpg,300,300,traffic cone,105,55,180,231
109.jpg,300,300,traffic cone,152,100,242,246
11.jpg,300,300,traffic cone,139,32,293,166
110.jpg,300,300,traffic cone,69,12,220,268
111.jpg,300,300,traffic cone,39,193,93,230
112.jpg,300,300,traffic cone,36,15,145,276
113.jpg,300,300,traffic cone,67,41,234,268
114.jpg,300,300,traffic cone,104,42,204,292
115.jpg,300,300,traffic cone,45,42,151,278
115.jpg,300,300,traffic cone,101,52,136,169
115.jpg,300,300,traffic cone,122,54,147,130
116.jpg,300,300,traffic cone,78,17,230,219
117.jpg,300,300,traffic cone,11,133,101,268
117.jpg,300,300,traffic cone,11,26,96,161
117.jpg,300,300,traffic cone,63,82,150,219
117.jpg,300,300,traffic cone,91,8,174,141
117.jpg,300,300,traffic cone,144,61,234,195
117.jpg,300,300,traffic cone,179,141,269,276
117.jpg,300,300,traffic cone,206,26,294,160
118.jpg,300,300,traffic cone,157,19,288,278
118.jpg,300,300,traffic cone,19,16,149,279
119.jpg,300,300,traffic cone,11,55,74,274
119.jpg,300,300,traffic cone,98,17,204,300
119.jpg,300,300,traffic cone,221,40,300,255
12.jpg,300,300,traffic cone,90,17,208,280
120.jpg,300,300,traffic cone,7,111,139,289
121.jpg,300,300,traffic cone,32,6,233,289
121.jpg,300,300,traffic cone,140,72,262,244
122.jpg,300,300,traffic cone,70,40,106,94
123.jpg,300,300,traffic cone,79,29,213,247
124.jpg,300,300,traffic cone,53,76,126,255
124.jpg,300,300,traffic cone,153,28,240,241
125.jpg,300,300,traffic cone,60,53,249,254
126.jpg,300,300,traffic cone,67,59,237,253
127.jpg,300,300,traffic cone,49,120,146,228
127.jpg,300,300,traffic cone,139,64,263,221
128.jpg,300,300,traffic cone,109,55,183,218
129.jpg,300,300,traffic cone,36,61,108,264
129.jpg,300,300,traffic cone,128,54,243,300
13.jpg,300,300,traffic cone,240,155,300,195
130.jpg,300,300,traffic cone,121,2,297,269
131.jpg,300,300,traffic cone,7,2,157,277
131.jpg,300,300,traffic cone,118,36,299,297
132.jpg,300,300,traffic cone,91,179,223,300
133.jpg,300,300,traffic cone,258,241,296,298
134.jpg,300,300,traffic cone,25,6,51,57
134.jpg,300,300,traffic cone,71,7,99,59
134.jpg,300,300,traffic cone,117,5,139,60
134.jpg,300,300,traffic cone,159,7,183,59
134.jpg,300,300,traffic cone,202,4,225,60
134.jpg,300,300,traffic cone,252,5,276,61
134.jpg,300,300,traffic cone,14,106,36,160
134.jpg,300,300,traffic cone,57,105,80,160
134.jpg,300,300,traffic cone,104,102,127,160
134.jpg,300,300,traffic cone,143,106,166,160
134.jpg,300,300,traffic cone,191,105,214,159
134.jpg,300,300,traffic cone,232,106,254,160
134.jpg,300,300,traffic cone,272,105,294,160
134.jpg,300,300,traffic cone,9,204,33,258
134.jpg,300,300,traffic cone,57,204,78,258
134.jpg,300,300,traffic cone,98,203,119,258
134.jpg,300,300,traffic cone,141,203,162,258
134.jpg,300,300,traffic cone,179,204,200,258
134.jpg,300,300,traffic cone,224,205,243,259
134.jpg,300,300,traffic cone,269,204,291,259
135.jpg,300,300,traffic cone,10,53,178,266
136.jpg,300,300,traffic cone,30,106,117,256
136.jpg,300,300,traffic cone,105,77,177,216
137.jpg,300,300,traffic cone,54,14,244,274
138.jpg,300,300,traffic cone,37,21,171,275
138.jpg,300,300,traffic cone,166,99,263,273
139.jpg,300,300,traffic cone,22,45,189,265
139.jpg,300,300,traffic cone,169,47,241,145
14.jpg,300,300,traffic cone,58,5,235,242
140.jpg,300,300,traffic cone,95,64,210,253
141.jpg,300,300,traffic cone,14,21,278,281
142.jpg,300,300,traffic cone,164,171,195,273
143.jpg,300,300,traffic cone,50,35,249,252
144.jpg,300,300,traffic cone,4,139,54,262
144.jpg,300,300,traffic cone,81,138,126,265
144.jpg,300,300,traffic cone,199,141,242,263
144.jpg,300,300,traffic cone,241,141,289,262
145.jpg,300,300,traffic cone,125,81,185,238
146.jpg,300,300,traffic cone,46,60,118,237
146.jpg,300,300,traffic cone,85,57,153,263
146.jpg,300,300,traffic cone,125,5,190,238
146.jpg,300,300,traffic cone,122,145,190,296
146.jpg,300,300,traffic cone,167,65,236,270
146.jpg,300,300,traffic cone,199,59,273,239
147.jpg,300,300,traffic cone,14,79,96,253
147.jpg,300,300,traffic cone,51,80,149,274
147.jpg,300,300,traffic cone,116,25,178,255
147.jpg,300,300,traffic cone,156,80,245,275
147.jpg,300,300,traffic cone,199,78,278,252
148.jpg,300,300,traffic cone,36,113,88,249
148.jpg,300,300,traffic cone,113,62,177,251
148.jpg,300,300,traffic cone,194,26,271,257
149.jpg,300,300,traffic cone,1,27,126,247
15.jpg,300,300,traffic cone,88,12,222,287
150.jpg,300,300,traffic cone,6,13,102,287
150.jpg,300,300,traffic cone,104,16,200,289
150.jpg,300,300,traffic cone,200,17,297,290
151.jpg,300,300,traffic cone,85,29,212,265
152.jpg,300,300,traffic cone,103,40,204,272
153.jpg,300,300,traffic cone,50,62,227,251
154.jpg,300,300,traffic cone,24,13,269,286
155.jpg,300,300,traffic cone,234,47,292,114
156.jpg,300,300,traffic cone,198,63,252,101
157.jpg,300,300,traffic cone,70,51,140,165
158.jpg,300,300,traffic cone,1,131,42,202
159.jpg,300,300,traffic cone,80,75,216,194
16.jpg,300,300,traffic cone,52,157,100,286
16.jpg,300,300,traffic cone,192,158,248,297
16.jpg,300,300,traffic cone,202,138,218,181
16.jpg,300,300,traffic cone,249,139,266,181
16.jpg,300,300,traffic cone,288,137,300,179
160.jpg,300,300,traffic cone,73,2,220,291
161.jpg,300,300,traffic cone,1,1,79,147
161.jpg,300,300,traffic cone,52,3,100,141
161.jpg,300,300,traffic cone,79,78,79,79
161.jpg,300,300,traffic cone,86,1,171,191
161.jpg,300,300,traffic cone,171,43,230,238
161.jpg,300,300,traffic cone,191,1,274,194
161.jpg,300,300,traffic cone,155,131,170,238
162.jpg,300,300,traffic cone,21,8,139,292
163.jpg,300,300,traffic cone,187,23,297,287
163.jpg,300,300,traffic cone,75,9,177,287
164.jpg,300,300,traffic cone,1,105,130,250
164.jpg,300,300,traffic cone,117,117,235,262
164.jpg,300,300,traffic cone,198,86,288,210
164.jpg,300,300,traffic cone,71,20,184,165
165.jpg,300,300,traffic cone,33,81,128,249
165.jpg,300,300,traffic cone,94,32,236,275
165.jpg,300,300,traffic cone,157,24,267,248
166.jpg,300,300,traffic cone,12,82,89,236
166.jpg,300,300,traffic cone,52,32,116,212
166.jpg,300,300,traffic cone,54,95,126,263
166.jpg,300,300,traffic cone,96,198,144,282
166.jpg,300,300,traffic cone,149,169,207,285
166.jpg,300,300,traffic cone,117,82,181,237
166.jpg,300,300,traffic cone,175,97,247,261
166.jpg,300,300,traffic cone,218,80,284,235
166.jpg,300,300,traffic cone,111,17,183,193
166.jpg,300,300,traffic cone,171,28,255,214
167.jpg,300,300,traffic cone,199,198,236,251
168.jpg,300,300,traffic cone,97,44,205,261
169.jpg,300,300,traffic cone,98,1,165,42
17.jpg,300,300,traffic cone,22,148,155,297
170.jpg,300,300,traffic cone,155,193,201,256
171.jpg,300,300,traffic cone,49,14,227,283
172.jpg,300,300,traffic cone,58,136,131,246
172.jpg,300,300,traffic cone,171,84,233,203
173.jpg,300,300,traffic cone,141,45,233,284
174.jpg,300,300,traffic cone,7,97,132,277
174.jpg,300,300,traffic cone,124,168,240,292
174.jpg,300,300,traffic cone,219,188,292,262
174.jpg,300,300,traffic cone,90,7,253,248
175.jpg,300,300,traffic cone,32,19,272,283
176.jpg,300,300,traffic cone,27,7,278,300
177.jpg,300,300,traffic cone,41,55,82,130
177.jpg,300,300,traffic cone,194,109,260,235
178.jpg,300,300,traffic cone,49,198,103,236
179.jpg,300,300,traffic cone,72,12,163,300
18.jpg,300,300,traffic cone,78,33,212,271
180.jpg,300,300,traffic cone,96,65,203,234
181.jpg,300,300,traffic cone,258,98,300,166
182.jpg,300,300,traffic cone,81,26,227,254
183.jpg,300,300,traffic cone,48,26,255,259
184.jpg,300,300,traffic cone,50,3,145,254
184.jpg,300,300,traffic cone,97,87,188,296
184.jpg,300,300,traffic cone,155,1,249,241
185.jpg,300,300,traffic cone,40,14,249,191
186.jpg,300,300,traffic cone,76,7,154,292
186.jpg,300,300,traffic cone,144,81,263,273
187.jpg,300,300,traffic cone,28,11,118,188
187.jpg,300,300,traffic cone,105,43,194,220
187.jpg,300,300,traffic cone,183,11,273,187
188.jpg,300,300,traffic cone,12,14,151,286
188.jpg,300,300,traffic cone,154,3,298,283
189.jpg,300,300,traffic cone,64,49,101,102
19.jpg,300,300,traffic cone,29,92,54,142
19.jpg,300,300,traffic cone,90,100,127,176
19.jpg,300,300,traffic cone,162,7,300,297
190.jpg,300,300,traffic cone,2,8,66,291
190.jpg,300,300,traffic cone,77,6,145,292
190.jpg,300,300,traffic cone,156,9,221,294
190.jpg,300,300,traffic cone,234,13,297,291
191.jpg,300,300,traffic cone,38,52,106,190
191.jpg,300,300,traffic cone,104,112,180,258
191.jpg,300,300,traffic cone,175,57,257,204
192.jpg,300,300,traffic cone,49,4,134,138
192.jpg,300,300,traffic cone,187,6,271,140
192.jpg,300,300,traffic cone,37,160,121,293
192.jpg,300,300,traffic cone,174,160,259,294
193.jpg,300,300,traffic cone,132,10,254,161
194.jpg,300,300,traffic cone,135,259,202,300
195.jpg,300,300,traffic cone,13,75,108,235
195.jpg,300,300,traffic cone,199,85,294,247
196.jpg,300,300,traffic cone,11,110,88,252
196.jpg,300,300,traffic cone,55,122,148,283
196.jpg,300,300,traffic cone,135,77,199,185
196.jpg,300,300,traffic cone,236,68,292,164
197.jpg,300,300,traffic cone,108,162,186,247
198.jpg,300,300,traffic cone,8,8,127,265
198.jpg,300,300,traffic cone,99,146,201,280
199.jpg,300,300,traffic cone,17,217,68,291
199.jpg,300,300,traffic cone,48,94,100,272
199.jpg,300,300,traffic cone,71,160,117,291
199.jpg,300,300,traffic cone,101,42,154,276
199.jpg,300,300,traffic cone,154,43,216,278
199.jpg,300,300,traffic cone,195,163,241,291
199.jpg,300,300,traffic cone,213,94,270,277
199.jpg,300,300,traffic cone,247,217,293,292
2.jpg,300,300,traffic cone,261,21,300,68
20.jpg,300,300,traffic cone,36,52,64,135
20.jpg,300,300,traffic cone,224,45,253,125
200.jpg,300,300,traffic cone,254,1,300,50
201.jpg,300,300,traffic cone,1,1,300,300
202.jpg,300,300,traffic cone,46,20,267,261
203.jpg,300,300,traffic cone,63,21,159,289
204.jpg,300,300,traffic cone,70,6,227,298
205.jpg,300,300,traffic cone,92,42,208,262
206.jpg,300,300,traffic cone,9,258,77,300
207.jpg,300,300,traffic cone,38,7,110,238
207.jpg,300,300,traffic cone,112,30,188,281
207.jpg,300,300,traffic cone,183,96,281,220
208.jpg,0,0,traffic cone,21,82,131,242
208.jpg,0,0,traffic cone,77,151,184,271
208.jpg,0,0,traffic cone,139,10,284,238
209.jpg,300,300,traffic cone,140,89,189,189
209.jpg,300,300,traffic cone,179,102,246,250
209.jpg,300,300,traffic cone,169,81,195,157
209.jpg,300,300,traffic cone,182,76,207,132
209.jpg,300,300,traffic cone,186,71,206,112
209.jpg,300,300,traffic cone,201,70,212,103
209.jpg,300,300,traffic cone,204,67,216,95
21.jpg,300,300,traffic cone,67,68,242,263
210.jpg,300,300,traffic cone,167,53,242,180
211.jpg,300,300,traffic cone,96,44,149,111
211.jpg,300,300,traffic cone,116,89,185,153
211.jpg,300,300,traffic cone,184,113,282,188
212.jpg,300,300,traffic cone,1,99,99,272
212.jpg,300,300,traffic cone,100,83,198,270
212.jpg,300,300,traffic cone,200,31,298,270
213.jpg,300,300,traffic cone,98,26,204,229
214.jpg,300,300,traffic cone,120,1,235,300
215.jpg,300,300,traffic cone,83,60,206,294
216.jpg,300,300,traffic cone,112,5,189,275
217.jpg,300,300,traffic cone,67,28,233,254
218.jpg,300,300,traffic cone,1,168,49,236
219.jpg,300,300,traffic cone,66,27,252,260
22.jpg,300,300,traffic cone,85,26,209,276
220.jpg,300,300,traffic cone,42,40,86,140
220.jpg,300,300,traffic cone,176,73,257,257
221.jpg,300,300,traffic cone,127,128,258,262
222.jpg,300,300,traffic cone,175,54,223,94
223.jpg,300,300,traffic cone,1,1,300,277
224.jpg,300,300,traffic cone,12,268,26,300
224.jpg,300,300,traffic cone,35,257,54,300
224.jpg,300,300,traffic cone,97,261,113,300
224.jpg,300,300,traffic cone,186,263,202,300
224.jpg,300,300,traffic cone,215,263,229,300
224.jpg,300,300,traffic cone,268,257,285,300
224.jpg,300,300,traffic cone,271,231,283,255
224.jpg,300,300,traffic cone,197,248,213,282
224.jpg,300,300,traffic cone,189,239,200,268
225.jpg,300,300,traffic cone,111,6,255,288
226.jpg,300,300,traffic cone,125,41,175,256
227.jpg,300,300,traffic cone,6,105,51,247
227.jpg,300,300,traffic cone,34,113,82,265
227.jpg,300,300,traffic cone,64,126,116,282
227.jpg,300,300,traffic cone,106,125,160,285
227.jpg,300,300,traffic cone,144,124,189,290
227.jpg,300,300,traffic cone,183,128,229,297
227.jpg,300,300,traffic cone,190,91,235,239
227.jpg,300,300,traffic cone,29,81,77,199
227.jpg,300,300,traffic cone,43,65,83,170
227.jpg,300,300,traffic cone,62,45,102,150
227.jpg,300,300,traffic cone,83,33,117,129
227.jpg,300,300,traffic cone,94,22,125,110
227.jpg,300,300,traffic cone,108,16,136,99
227.jpg,300,300,traffic cone,127,16,155,102
227.jpg,300,300,traffic cone,135,1,163,75
227.jpg,300,300,traffic cone,147,18,177,108
227.jpg,300,300,traffic cone,169,21,199,115
227.jpg,300,300,traffic cone,192,22,220,120
227.jpg,300,300,traffic cone,225,24,252,130
227.jpg,300,300,traffic cone,218,39,245,158
227.jpg,300,300,traffic cone,203,59,240,189
228.jpg,300,300,traffic cone,74,53,152,273
229.jpg,300,300,traffic cone,49,54,257,277
23.jpg,300,300,traffic cone,63,13,215,292
230.jpg,300,300,traffic cone,63,1,130,49
231.jpg,300,300,traffic cone,1,179,49,215
232.jpg,300,300,traffic cone,120,72,177,271
233.jpg,300,300,traffic cone,207,175,246,222
234.jpg,300,300,traffic cone,27,53,149,273
234.jpg,300,300,traffic cone,155,43,267,279
235.jpg,300,300,traffic cone,24,4,119,217
235.jpg,300,300,traffic cone,102,82,209,250
235.jpg,300,300,traffic cone,191,164,274,298
236.jpg,300,300,traffic cone,29,27,271,257
237.jpg,300,300,traffic cone,14,146,54,217
237.jpg,300,300,traffic cone,111,88,142,141
237.jpg,300,300,traffic cone,184,52,210,95
237.jpg,300,300,traffic cone,239,27,260,63
237.jpg,300,300,traffic cone,274,7,293,38
238.jpg,300,300,traffic cone,2,2,129,288
238.jpg,300,300,traffic cone,168,10,295,296
239.jpg,300,300,traffic cone,40,107,60,142
239.jpg,300,300,traffic cone,47,93,79,153
239.jpg,300,300,traffic cone,90,86,135,180
239.jpg,300,300,traffic cone,175,113,264,262
24.jpg,300,300,traffic cone,107,240,145,299
240.jpg,300,300,traffic cone,30,10,182,287
241.jpg,300,300,traffic cone,1,10,118,237
241.jpg,300,300,traffic cone,5,174,80,267
241.jpg,300,300,traffic cone,80,145,170,272
241.jpg,300,300,traffic cone,130,55,224,234
241.jpg,300,300,traffic cone,170,80,300,284
242.jpg,300,300,traffic cone,251,63,300,131
243.jpg,300,300,traffic cone,85,1,121,49
244.jpg,300,300,traffic cone,77,207,124,246
245.jpg,300,300,traffic cone,101,46,185,204
246.jpg,300,300,traffic cone,138,35,241,172
247.jpg,300,300,traffic cone,40,109,150,300
247.jpg,300,300,traffic cone,89,98,176,273
247.jpg,300,300,traffic cone,103,79,176,206
247.jpg,300,300,traffic cone,157,72,216,169
247.jpg,300,300,traffic cone,195,66,238,148
247.jpg,300,300,traffic cone,218,60,247,127
247.jpg,300,300,traffic cone,237,61,254,119
248.jpg,300,300,traffic cone,72,150,177,259
248.jpg,300,300,traffic cone,158,92,214,227
248.jpg,300,300,traffic cone,208,84,287,259
249.jpg,300,300,traffic cone,88,63,160,262
249.jpg,300,300,traffic cone,156,59,233,257
25.jpg,300,300,traffic cone,5,19,75,277
25.jpg,300,300,traffic cone,225,20,295,281
250.jpg,300,300,traffic cone,1,147,105,254
250.jpg,300,300,traffic cone,109,62,182,120
250.jpg,300,300,traffic cone,156,25,202,65
250.jpg,300,300,traffic cone,206,9,243,42
250.jpg,300,300,traffic cone,240,1,271,22
251.jpg,300,300,traffic cone,19,3,257,297
252.jpg,300,300,traffic cone,9,97,87,228
252.jpg,300,300,traffic cone,58,30,120,165
252.jpg,300,300,traffic cone,1,77,85,195
252.jpg,300,300,traffic cone,53,192,112,256
252.jpg,300,300,traffic cone,79,79,152,196
252.jpg,300,300,traffic cone,88,140,145,221
252.jpg,300,300,traffic cone,112,159,181,252
252.jpg,300,300,traffic cone,130,237,159,270
252.jpg,300,300,traffic cone,180,189,238,258
252.jpg,300,300,traffic cone,214,101,291,230
252.jpg,300,300,traffic cone,149,139,208,220
252.jpg,300,300,traffic cone,152,81,224,194
252.jpg,300,300,traffic cone,121,33,196,166
252.jpg,300,300,traffic cone,197,33,256,166
252.jpg,300,300,traffic cone,221,78,299,196
253.jpg,300,300,traffic cone,77,12,139,124
253.jpg,300,300,traffic cone,128,59,201,194
253.jpg,300,300,traffic cone,195,129,284,299
253.jpg,300,300,traffic cone,139,1,189,59
253.jpg,300,300,traffic cone,181,1,222,13
254.jpg,300,300,traffic cone,169,251,236,300
255.jpg,300,300,traffic cone,54,77,94,125
256.jpg,300,300,traffic cone,68,1,166,221
257.jpg,300,300,traffic cone,81,23,215,283
258.jpg,300,300,traffic cone,82,9,220,289
259.jpg,300,300,traffic cone,95,57,180,253
259.jpg,300,300,traffic cone,165,73,229,208
26.jpg,300,300,traffic cone,5,57,158,298
260.jpg,300,300,traffic cone,99,58,155,196
260.jpg,300,300,traffic cone,166,92,224,253
261.jpg,300,300,traffic cone,130,26,263,265
262.jpg,300,300,traffic cone,37,6,238,293
263.jpg,300,300,traffic cone,36,181,71,300
263.jpg,300,300,traffic cone,76,147,114,300
263.jpg,300,300,traffic cone,108,128,141,300
263.jpg,300,300,traffic cone,142,109,185,300
263.jpg,300,300,traffic cone,149,96,200,295
263.jpg,300,300,traffic cone,160,83,212,269
263.jpg,300,300,traffic cone,177,74,222,240
263.jpg,300,300,traffic cone,191,68,231,218
264.jpg,300,300,traffic cone,1,139,51,207
265.jpg,300,300,traffic cone,78,90,215,254
266.jpg,300,300,traffic cone,130,4,169,79
267.jpg,300,300,traffic cone,128,210,159,261
268.jpg,300,300,traffic cone,82,27,223,236
269.jpg,300,300,traffic cone,147,36,256,292
27.jpg,300,300,traffic cone,1,48,34,159
27.jpg,300,300,traffic cone,10,55,75,179
27.jpg,300,300,traffic cone,117,63,225,239
27.jpg,300,300,traffic cone,223,63,300,290
27.jpg,300,300,traffic cone,47,61,126,202
270.jpg,300,300,traffic cone,18,144,169,274
271.jpg,300,300,traffic cone,164,173,245,266
271.jpg,300,300,traffic cone,185,161,247,239
271.jpg,300,300,traffic cone,206,148,253,213
271.jpg,300,300,traffic cone,232,140,268,198
271.jpg,300,300,traffic cone,240,134,277,184
272.jpg,300,300,traffic cone,5,65,50,179
272.jpg,300,300,traffic cone,70,118,131,270
272.jpg,300,300,traffic cone,148,33,181,131
272.jpg,300,300,traffic cone,243,76,294,204
273.jpg,300,300,traffic cone,48,77,121,222
273.jpg,300,300,traffic cone,83,59,171,232
273.jpg,300,300,traffic cone,190,26,300,268
273.jpg,300,300,traffic cone,172,70,247,227
273.jpg,300,300,traffic cone,149,88,198,215
273.jpg,300,300,traffic cone,127,100,168,206
274.jpg,300,300,traffic cone,1,32,120,291
274.jpg,300,300,traffic cone,21,28,159,241
274.jpg,300,300,traffic cone,73,32,193,207
274.jpg,300,300,traffic cone,128,32,223,183
274.jpg,300,300,traffic cone,171,25,267,158
274.jpg,300,300,traffic cone,216,15,289,140
275.jpg,300,300,traffic cone,1,181,14,300
275.jpg,300,300,traffic cone,30,144,86,294
275.jpg,300,300,traffic cone,86,118,136,256
275.jpg,300,300,traffic cone,129,100,176,229
275.jpg,300,300,traffic cone,163,83,207,205
275.jpg,300,300,traffic cone,191,69,230,185
275.jpg,300,300,traffic cone,213,57,251,169
275.jpg,300,300,traffic cone,235,45,270,150
275.jpg,300,300,traffic cone,257,33,293,133
275.jpg,300,300,traffic cone,279,21,300,115
276.jpg,300,300,traffic cone,251,85,299,121
277.jpg,300,300,traffic cone,201,125,279,270
278.jpg,300,300,traffic cone,14,39,91,222
279.jpg,300,300,traffic cone,14,70,196,240
279.jpg,300,300,traffic cone,15,220,46,300
279.jpg,300,300,traffic cone,128,256,148,300
279.jpg,300,300,traffic cone,251,211,278,300
28.jpg,300,300,traffic cone,1,1,300,300
280.jpg,300,300,traffic cone,129,114,195,224
281.jpg,300,300,traffic cone,37,18,267,295
282.jpg,300,300,traffic cone,1,18,64,227
282.jpg,300,300,traffic cone,61,16,126,182
282.jpg,300,300,traffic cone,115,16,168,151
282.jpg,300,300,traffic cone,159,14,202,135
282.jpg,300,300,traffic cone,199,12,233,111
282.jpg,300,300,traffic cone,223,10,249,102
282.jpg,300,300,traffic cone,241,9,264,91
282.jpg,300,300,traffic cone,22,4,47,70
282.jpg,300,300,traffic cone,50,5,74,66
282.jpg,300,300,traffic cone,75,6,91,63
282.jpg,300,300,traffic cone,96,5,115,59
282.jpg,300,300,traffic cone,112,5,128,56
283.jpg,300,300,traffic cone,1,11,124,170
284.jpg,300,300,traffic cone,19,173,61,278
284.jpg,300,300,traffic cone,136,167,178,269
285.jpg,300,300,traffic cone,34,187,55,245
285.jpg,300,300,traffic cone,95,186,121,242
286.jpg,300,300,traffic cone,12,171,27,199
286.jpg,300,300,traffic cone,23,174,36,201
286.jpg,300,300,traffic cone,89,187,103,227
286.jpg,300,300,traffic cone,101,191,117,233
286.jpg,300,300,traffic cone,111,195,126,235
286.jpg,300,300,traffic cone,230,211,258,279
286.jpg,300,300,traffic cone,273,210,300,284
287.jpg,300,300,traffic cone,128,63,152,125
287.jpg,300,300,traffic cone,93,85,135,172
287.jpg,300,300,traffic cone,134,84,174,153
287.jpg,300,300,traffic cone,178,97,237,135
287.jpg,300,300,traffic cone,100,132,158,232
287.jpg,300,300,traffic cone,138,159,206,289
288.jpg,300,300,traffic cone,50,252,90,300
289.jpg,300,300,traffic cone,108,125,183,264
289.jpg,300,300,traffic cone,136,110,166,158
29.jpg,300,300,traffic cone,3,21,151,154
290.jpg,300,300,traffic cone,29,213,110,292
291.jpg,300,300,traffic cone,50,230,80,289
291.jpg,300,300,traffic cone,90,216,158,289
291.jpg,300,300,traffic cone,165,218,218,290
291.jpg,300,300,traffic cone,210,226,270,293
292.jpg,300,300,traffic cone,1,133,122,300
292.jpg,300,300,traffic cone,212,142,300,260
292.jpg,300,300,traffic cone,263,166,300,238
293.jpg,300,300,traffic cone,1,34,76,300
293.jpg,300,300,traffic cone,82,24,144,233
293.jpg,300,300,traffic cone,139,21,190,188
293.jpg,300,300,traffic cone,189,14,224,137
294.jpg,300,300,traffic cone,181,150,236,294
294.jpg,300,300,traffic cone,170,108,219,232
294.jpg,300,300,traffic cone,161,83,206,188
294.jpg,300,300,traffic cone,155,66,192,157
294.jpg,300,300,traffic cone,149,55,183,134
294.jpg,300,300,traffic cone,143,37,165,98
294.jpg,300,300,traffic cone,137,32,158,87
294.jpg,300,300,traffic cone,130,27,149,79
294.jpg,300,300,traffic cone,122,21,144,71
294.jpg,300,300,traffic cone,118,18,134,65
294.jpg,300,300,traffic cone,108,15,124,60
294.jpg,300,300,traffic cone,90,13,109,56
294.jpg,300,300,traffic cone,73,13,91,56
294.jpg,300,300,traffic cone,56,14,76,56
294.jpg,300,300,traffic cone,40,14,60,58
294.jpg,300,300,traffic cone,24,16,45,60
294.jpg,300,300,traffic cone,8,14,31,61
294.jpg,300,300,traffic cone,1,24,14,62
294.jpg,300,300,traffic cone,185,21,201,65
294.jpg,300,300,traffic cone,216,22,235,66
294.jpg,300,300,traffic cone,252,21,271,65
295.jpg,300,300,traffic cone,137,160,248,283
296.jpg,300,300,traffic cone,1,85,151,288
297.jpg,300,300,traffic cone,59,55,114,203
297.jpg,300,300,traffic cone,165,48,234,266
298.jpg,300,300,traffic cone,120,106,232,270
299.jpg,300,300,traffic cone,65,35,262,273
3.jpg,300,300,traffic cone,124,33,241,290
30.jpg,300,300,traffic cone,108,34,184,260
300.jpg,300,300,traffic cone,259,1,296,36
301.jpg,300,300,traffic cone,29,6,108,87
302.jpg,300,300,traffic cone,116,115,149,194
302.jpg,300,300,traffic cone,158,106,189,175
303.jpg,300,300,traffic cone,62,45,249,285
304.jpg,300,300,traffic cone,25,16,253,290
305.jpg,300,300,traffic cone,164,31,275,258
306.jpg,300,300,traffic cone,164,31,277,259
307.jpg,300,300,traffic cone,14,28,163,257
307.jpg,300,300,traffic cone,165,63,274,229
308.jpg,300,300,traffic cone,19,42,158,276
309.jpg,300,300,traffic cone,229,3,295,173
31.jpg,300,300,traffic cone,109,22,189,283
310.jpg,300,300,traffic cone,17,103,132,294
310.jpg,300,300,traffic cone,33,14,178,240
311.jpg,300,300,traffic cone,264,258,300,297
312.jpg,300,300,traffic cone,23,55,171,275
313.jpg,300,300,traffic cone,139,130,289,256
314.jpg,300,300,traffic cone,213,30,292,109
315.jpg,300,300,traffic cone,10,198,27,243
315.jpg,300,300,traffic cone,57,186,93,276
315.jpg,300,300,traffic cone,189,182,227,281
315.jpg,300,300,traffic cone,162,193,188,256
315.jpg,300,300,traffic cone,240,195,261,250
315.jpg,300,300,traffic cone,190,199,208,241
316.jpg,300,300,traffic cone,200,47,281,284
316.jpg,300,300,traffic cone,101,49,132,127
316.jpg,300,300,traffic cone,213,54,240,144
317.jpg,300,300,traffic cone,73,65,107,162
318.jpg,300,300,traffic cone,48,39,80,114
318.jpg,300,300,traffic cone,163,147,208,248
319.jpg,300,300,traffic cone,1,81,102,181
319.jpg,300,300,traffic cone,112,14,285,189
32.jpg,300,300,traffic cone,1,184,61,267
32.jpg,300,300,traffic cone,224,35,300,152
320.jpg,300,300,traffic cone,37,34,181,222
320.jpg,300,300,traffic cone,138,86,272,196
321.jpg,300,300,traffic cone,56,33,240,278
322.jpg,300,300,traffic cone,5,264,42,300
323.jpg,300,300,traffic cone,1,22,26,51
323.jpg,300,300,traffic cone,14,23,43,55
323.jpg,300,300,traffic cone,25,23,63,62
323.jpg,300,300,traffic cone,55,21,90,69
323.jpg,300,300,traffic cone,70,23,115,81
323.jpg,300,300,traffic cone,85,27,134,101
323.jpg,300,300,traffic cone,90,30,176,138
323.jpg,300,300,traffic cone,100,37,251,197
323.jpg,300,300,traffic cone,171,79,290,300
324.jpg,300,300,traffic cone,291,118,300,163
324.jpg,300,300,traffic cone,271,119,294,163
324.jpg,300,300,traffic cone,255,118,277,164
324.jpg,300,300,traffic cone,232,117,261,163
324.jpg,300,300,traffic cone,222,115,246,166
324.jpg,300,300,traffic cone,203,115,230,166
324.jpg,300,300,traffic cone,188,114,215,168
324.jpg,300,300,traffic cone,175,111,200,171
324.jpg,300,300,traffic cone,159,108,185,172
324.jpg,300,300,traffic cone,143,106,170,174
324.jpg,300,300,traffic cone,127,102,156,179
324.jpg,300,300,traffic cone,106,97,141,184
324.jpg,300,300,traffic cone,88,90,128,188
324.jpg,300,300,traffic cone,71,82,114,198
324.jpg,300,300,traffic cone,47,69,101,210
324.jpg,300,300,traffic cone,20,51,87,226
324.jpg,300,300,traffic cone,1,19,80,255
324.jpg,300,300,traffic cone,1,22,70,300
325.jpg,300,300,traffic cone,112,117,183,191
325.jpg,300,300,traffic cone,62,82,114,197
325.jpg,300,300,traffic cone,38,69,101,208
325.jpg,300,300,traffic cone,12,51,85,226
325.jpg,300,300,traffic cone,1,19,80,256
325.jpg,300,300,traffic cone,1,22,70,300
325.jpg,300,300,traffic cone,97,96,138,183
325.jpg,300,300,traffic cone,127,102,146,179
325.jpg,300,300,traffic cone,137,106,166,174
325.jpg,300,300,traffic cone,158,109,184,171
325.jpg,300,300,traffic cone,173,110,200,169
325.jpg,300,300,traffic cone,188,114,215,166
325.jpg,300,300,traffic cone,204,113,230,166
325.jpg,300,300,traffic cone,221,115,247,164
325.jpg,300,300,traffic cone,238,116,261,164
325.jpg,300,300,traffic cone,254,118,277,162
325.jpg,300,300,traffic cone,272,117,291,162
325.jpg,300,300,traffic cone,292,115,300,163
326.jpg,300,300,traffic cone,191,212,270,292
327.jpg,300,300,traffic cone,4,1,101,206
327.jpg,300,300,traffic cone,1,11,85,299
327.jpg,300,300,traffic cone,32,18,111,167
327.jpg,300,300,traffic cone,87,47,172,140
327.jpg,300,300,traffic cone,65,35,118,133
328.jpg,300,300,traffic cone,44,188,76,267
328.jpg,300,300,traffic cone,64,180,87,242
329.jpg,300,300,traffic cone,105,71,283,268
329.jpg,300,300,traffic cone,81,110,159,197
33.jpg,300,300,traffic cone,137,200,179,294
33.jpg,300,300,traffic cone,282,185,300,270
330.jpg,300,300,traffic cone,14,28,163,256
330.jpg,300,300,traffic cone,166,63,274,228
331.jpg,300,300,traffic cone,31,132,85,212
331.jpg,300,300,traffic cone,69,158,138,229
331.jpg,300,300,traffic cone,160,155,216,253
332.jpg,300,300,traffic cone,44,42,152,278
332.jpg,300,300,traffic cone,85,51,138,170
332.jpg,300,300,traffic cone,123,54,147,129
333.jpg,300,300,traffic cone,23,120,171,246
334.jpg,300,300,traffic cone,150,20,274,260
334.jpg,300,300,traffic cone,97,75,145,179
334.jpg,300,300,traffic cone,72,93,102,158
334.jpg,300,300,traffic cone,64,113,82,155
335.jpg,300,300,traffic cone,179,16,284,265
335.jpg,300,300,traffic cone,89,165,125,232
335.jpg,300,300,traffic cone,73,177,97,226
335.jpg,300,300,traffic cone,57,195,71,224
336.jpg,300,300,traffic cone,131,78,197,169
337.jpg,300,300,traffic cone,112,159,267,272
338.jpg,300,300,traffic cone,132,22,259,267
339.jpg,300,300,traffic cone,30,114,88,268
339.jpg,300,300,traffic cone,87,95,135,223
339.jpg,300,300,traffic cone,179,139,236,225
339.jpg,300,300,traffic cone,263,38,283,88
339.jpg,300,300,traffic cone,285,32,300,71
339.jpg,300,300,traffic cone,32,11,49,50
339.jpg,300,300,traffic cone,89,10,102,42
339.jpg,300,300,traffic cone,131,9,141,37
339.jpg,300,300,traffic cone,162,9,172,33
339.jpg,300,300,traffic cone,185,7,195,31
339.jpg,300,300,traffic cone,209,7,217,27
34.jpg,300,300,traffic cone,70,11,246,274
340.jpg,300,300,traffic cone,286,180,300,299
340.jpg,300,300,traffic cone,215,143,271,293
340.jpg,300,300,traffic cone,164,117,215,256
340.jpg,300,300,traffic cone,124,99,172,228
340.jpg,300,300,traffic cone,92,83,136,206
340.jpg,300,300,traffic cone,70,69,112,185
340.jpg,300,300,traffic cone,49,58,90,169
340.jpg,300,300,traffic cone,29,45,66,150
340.jpg,300,300,traffic cone,7,32,43,133
340.jpg,300,300,traffic cone,1,19,19,115
341.jpg,300,300,traffic cone,61,30,234,265
342.jpg,300,300,traffic cone,60,8,257,291
343.jpg,300,300,traffic cone,122,96,266,280
344.jpg,300,300,traffic cone,1,5,36,42
345.jpg,300,300,traffic cone,69,15,236,265
346.jpg,300,300,traffic cone,12,22,48,121
346.jpg,300,300,traffic cone,69,31,111,149
346.jpg,300,300,traffic cone,118,151,211,268
346.jpg,300,300,traffic cone,221,83,295,262
347.jpg,300,300,traffic cone,17,43,106,252
347.jpg,300,300,traffic cone,189,7,296,261
348.jpg,300,300,traffic cone,176,276,235,300
349.jpg,300,300,traffic cone,53,32,229,269
35.jpg,300,300,traffic cone,6,90,123,226
350.jpg,300,300,traffic cone,51,6,246,270
351.jpg,300,300,traffic cone,145,130,221,267
351.jpg,300,300,traffic cone,250,145,300,300
352.jpg,300,300,traffic cone,35,94,264,260
353.jpg,300,300,traffic cone,29,92,107,207
353.jpg,300,300,traffic cone,92,115,177,251
353.jpg,300,300,traffic cone,202,73,275,174
353.jpg,300,300,traffic cone,131,75,194,179
353.jpg,300,300,traffic cone,75,50,155,118
354.jpg,300,300,traffic cone,65,119,88,153
354.jpg,300,300,traffic cone,78,100,96,125
354.jpg,300,300,traffic cone,115,84,129,104
354.jpg,300,300,traffic cone,160,83,175,102
354.jpg,300,300,traffic cone,197,97,213,119
354.jpg,300,300,traffic cone,206,113,228,143
354.jpg,300,300,traffic cone,197,136,221,173
354.jpg,300,300,traffic cone,164,162,191,206
354.jpg,300,300,traffic cone,145,195,181,249
354.jpg,300,300,traffic cone,149,273,173,300
355.jpg,300,300,traffic cone,261,1,300,36
356.jpg,300,300,traffic cone,116,161,165,292
356.jpg,300,300,traffic cone,130,128,161,201
356.jpg,300,300,traffic cone,118,117,136,166
356.jpg,300,300,traffic cone,129,112,144,153
356.jpg,300,300,traffic cone,172,105,180,129
356.jpg,300,300,traffic cone,186,101,193,124
357.jpg,300,300,traffic cone,212,7,251,56
358.jpg,300,300,traffic cone,55,157,97,300
358.jpg,300,300,traffic cone,120,55,142,136
358.jpg,300,300,traffic cone,146,18,158,66
358.jpg,300,300,traffic cone,233,47,252,113
358.jpg,300,300,traffic cone,261,102,300,206
358.jpg,300,300,traffic cone,210,12,224,52
359.jpg,300,300,traffic cone,244,211,291,251
36.jpg,300,300,traffic cone,46,78,86,131
360.jpg,300,300,traffic cone,48,243,88,291
361.jpg,300,300,traffic cone,8,48,56,88
362.jpg,300,300,traffic cone,1,164,39,194
363.jpg,300,300,traffic cone,52,192,143,294
363.jpg,300,300,traffic cone,134,135,204,222
363.jpg,300,300,traffic cone,199,106,262,183
364.jpg,300,300,traffic cone,73,5,224,288
365.jpg,300,300,traffic cone,1,68,61,188
366.jpg,300,300,traffic cone,113,1,230,62
367.jpg,300,300,traffic cone,118,1,214,97
368.jpg,300,300,traffic cone,205,119,300,215
369.jpg,300,300,traffic cone,86,205,180,300
37.jpg,300,300,traffic cone,1,38,94,272
37.jpg,300,300,traffic cone,64,35,193,300
37.jpg,300,300,traffic cone,99,35,187,238
37.jpg,300,300,traffic cone,203,36,300,273
370.jpg,300,300,traffic cone,1,1,66,59
371.jpg,300,300,traffic cone,1,87,95,181
372.jpg,300,300,traffic cone,13,92,92,204
372.jpg,300,300,traffic cone,117,92,183,205
372.jpg,300,300,traffic cone,208,92,286,205
373.jpg,300,300,traffic cone,86,1,180,94
374.jpg,300,300,traffic cone,131,173,168,226
375.jpg,300,300,traffic cone,108,87,194,183
376.jpg,300,300,traffic cone,116,108,213,195
377.jpg,300,300,traffic cone,104,115,190,212
378.jpg,300,300,traffic cone,87,109,190,214
379.jpg,300,300,traffic cone,107,97,217,199
38.jpg,300,300,traffic cone,90,26,254,266
380.jpg,300,300,traffic cone,109,235,200,300
381.jpg,300,300,traffic cone,234,99,300,191
382.jpg,300,300,traffic cone,239,1,300,65
383.jpg,300,300,traffic cone,56,24,179,171
384.jpg,300,300,traffic cone,99,1,190,65
385.jpg,300,300,traffic cone,1,109,65,200
386.jpg,300,300,traffic cone,100,234,190,300
387.jpg,300,300,traffic cone,157,191,184,273
387.jpg,300,300,traffic cone,274,181,300,256
388.jpg,300,300,traffic cone,6,43,157,172
389.jpg,300,300,traffic cone,148,1,300,160
39.jpg,300,300,traffic cone,167,38,253,280
390.jpg,300,300,traffic cone,1,1,159,150
391.jpg,300,300,traffic cone,1,140,150,300
392.jpg,300,300,traffic cone,140,149,300,300
393.jpg,300,300,traffic cone,1,148,159,300
394.jpg,300,300,traffic cone,37,27,243,251
395.jpg,300,300,traffic cone,1,90,60,157
396.jpg,300,300,traffic cone,4,242,103,300
397.jpg,300,300,traffic cone,243,198,299,297
398.jpg,300,300,traffic cone,1,197,56,296
399.jpg,300,300,traffic cone,3,1,103,57
4.jpg,300,300,traffic cone,148,148,297,278
40.jpg,300,300,traffic cone,3,18,133,169
400.jpg,300,300,traffic cone,243,3,300,102
401.jpg,300,300,traffic cone,162,45,261,293
402.jpg,300,300,traffic cone,119,210,222,300
403.jpg,300,300,traffic cone,210,79,300,182
404.jpg,300,300,traffic cone,1,79,89,181
405.jpg,300,300,traffic cone,92,22,206,276
406.jpg,300,300,traffic cone,120,1,221,90
407.jpg,300,300,traffic cone,232,201,297,280
408.jpg,300,300,traffic cone,183,206,289,300
409.jpg,300,300,traffic cone,108,91,199,195
41.jpg,300,300,traffic cone,146,3,278,151
410.jpg,300,300,traffic cone,105,108,209,200
411.jpg,300,300,traffic cone,101,104,191,208
412.jpg,300,300,traffic cone,91,102,194,193
413.jpg,300,300,traffic cone,83,108,188,213
414.jpg,300,300,traffic cone,39,80,205,272
415.jpg,300,300,traffic cone,247,132,300,225
416.jpg,300,300,traffic cone,260,122,300,166
417.jpg,300,300,traffic cone,71,10,227,293
418.jpg,300,300,traffic cone,132,1,226,52
419.jpg,300,300,traffic cone,1,72,53,167
42.jpg,300,300,traffic cone,79,10,227,289
420.jpg,300,300,traffic cone,19,232,98,296
421.jpg,300,300,traffic cone,74,247,167,300
422.jpg,300,300,traffic cone,247,132,300,226
423.jpg,300,300,traffic cone,91,9,194,133
424.jpg,300,300,traffic cone,165,90,289,194
425.jpg,300,300,traffic cone,181,82,288,205
426.jpg,300,300,traffic cone,105,166,208,289
427.jpg,300,300,traffic cone,10,105,133,208
428.jpg,300,300,traffic cone,72,68,231,226
429.jpg,300,300,traffic cone,9,16,101,288
429.jpg,300,300,traffic cone,205,19,300,289
43.jpg,300,300,traffic cone,2,5,157,295
430.jpg,300,300,traffic cone,171,112,273,229
431.jpg,300,300,traffic cone,112,26,229,129
432.jpg,300,300,traffic cone,2,19,68,99
433.jpg,300,300,traffic cone,26,70,128,187
434.jpg,300,300,traffic cone,71,171,187,273
435.jpg,300,300,traffic cone,82,172,188,289
436.jpg,300,300,traffic cone,112,144,216,250
437.jpg,300,300,traffic cone,102,159,215,256
438.jpg,300,300,traffic cone,103,153,204,265
439.jpg,300,300,traffic cone,33,18,259,276
44.jpg,300,300,traffic cone,3,141,51,240
44.jpg,300,300,traffic cone,54,117,115,241
44.jpg,300,300,traffic cone,119,82,198,239
44.jpg,300,300,traffic cone,202,46,298,241
440.jpg,300,300,traffic cone,103,157,211,270
441.jpg,300,300,traffic cone,189,16,295,130
442.jpg,300,300,traffic cone,10,91,55,186
442.jpg,300,300,traffic cone,83,96,126,186
443.jpg,300,300,traffic cone,32,162,117,264
444.jpg,300,300,traffic cone,201,2,280,68
445.jpg,300,300,traffic cone,161,183,265,269
446.jpg,300,300,traffic cone,182,35,268,138
447.jpg,300,300,traffic cone,35,32,138,116
448.jpg,300,300,traffic cone,135,44,236,159
449.jpg,300,300,traffic cone,194,111,300,216
45.jpg,300,300,traffic cone,39,66,119,211
45.jpg,300,300,traffic cone,90,40,203,223
45.jpg,300,300,traffic cone,173,62,254,198
450.jpg,300,300,traffic cone,57,20,244,282
451.jpg,300,300,traffic cone,110,1,216,106
452.jpg,300,300,traffic cone,1,84,105,188
453.jpg,300,300,traffic cone,84,193,189,300
454.jpg,300,300,traffic cone,168,194,274,300
455.jpg,300,300,traffic cone,118,42,223,235
455.jpg,300,300,traffic cone,242,139,281,215
456.jpg,300,300,traffic cone,243,45,300,112
457.jpg,300,300,traffic cone,250,85,300,194
458.jpg,300,300,traffic cone,86,1,195,50
459.jpg,300,300,traffic cone,1,105,49,214
46.jpg,300,300,traffic cone,1,108,60,146
460.jpg,300,300,traffic cone,105,249,215,300
461.jpg,300,300,traffic cone,16,96,103,200
461.jpg,300,300,traffic cone,106,96,192,199
461.jpg,300,300,traffic cone,196,96,282,199
462.jpg,300,300,traffic cone,164,249,278,300
463.jpg,300,300,traffic cone,106,105,208,214
464.jpg,300,300,traffic cone,105,91,212,196
465.jpg,300,300,traffic cone,92,87,194,195
466.jpg,300,300,traffic cone,86,105,195,207
467.jpg,300,300,traffic cone,151,149,268,254
468.jpg,300,300,traffic cone,27,76,133,272
469.jpg,300,300,traffic cone,99,63,203,213
47.jpg,300,300,traffic cone,55,145,106,250
470.jpg,300,300,traffic cone,109,74,198,194
471.jpg,300,300,traffic cone,105,107,225,199
472.jpg,300,300,traffic cone,42,1,256,289
473.jpg,300,300,traffic cone,103,106,190,224
474.jpg,300,300,traffic cone,74,101,192,191
475.jpg,300,300,traffic cone,47,96,180,204
476.jpg,300,300,traffic cone,87,1,190,131
477.jpg,300,300,traffic cone,170,89,300,190
478.jpg,300,300,traffic cone,110,169,211,300
479.jpg,300,300,traffic cone,1,111,130,213
48.jpg,300,300,traffic cone,2,71,102,271
48.jpg,300,300,traffic cone,33,24,97,218
48.jpg,300,300,traffic cone,105,37,158,179
48.jpg,300,300,traffic cone,143,8,227,180
48.jpg,300,300,traffic cone,192,98,295,248
480.jpg,300,300,traffic cone,42,138,169,291
481.jpg,300,300,traffic cone,106,203,172,283
482.jpg,300,300,traffic cone,165,168,300,272
483.jpg,300,300,traffic cone,61,9,257,284
484.jpg,300,300,traffic cone,49,204,87,300
484.jpg,300,300,traffic cone,121,77,167,181
484.jpg,300,300,traffic cone,148,31,179,101
484.jpg,300,300,traffic cone,156,11,181,62
484.jpg,300,300,traffic cone,159,1,182,37
485.jpg,300,300,traffic cone,11,187,122,291
486.jpg,300,300,traffic cone,187,178,292,289
487.jpg,300,300,traffic cone,178,8,289,112
488.jpg,300,300,traffic cone,7,10,111,122
489.jpg,300,300,traffic cone,1,29,109,144
49.jpg,300,300,traffic cone,40,20,250,267
490.jpg,300,300,traffic cone,126,170,271,285
491.jpg,300,300,traffic cone,14,126,131,272
492.jpg,300,300,traffic cone,28,15,173,130
493.jpg,300,300,traffic cone,16,107,96,172
494.jpg,300,300,traffic cone,1,72,223,270
494.jpg,300,300,traffic cone,138,1,297,194
495.jpg,300,300,traffic cone,169,29,285,173
496.jpg,300,300,traffic cone,128,15,193,96
497.jpg,300,300,traffic cone,203,128,283,192
498.jpg,300,300,traffic cone,211,232,290,295
499.jpg,300,300,traffic cone,228,239,272,293
5.jpg,300,300,traffic cone,60,63,208,235
5.jpg,300,300,traffic cone,143,90,236,216
50.jpg,300,300,traffic cone,6,36,131,279
50.jpg,300,300,traffic cone,117,97,216,260
50.jpg,300,300,traffic cone,197,106,292,248
500.jpg,300,300,traffic cone,5,227,60,271
501.jpg,300,300,traffic cone,28,5,72,61
502.jpg,300,300,traffic cone,239,28,295,72
503.jpg,300,300,traffic cone,157,243,211,290
504.jpg,300,300,traffic cone,74,6,208,122
505.jpg,300,300,traffic cone,128,56,275,181
506.jpg,300,300,traffic cone,17,114,80,280
506.jpg,300,300,traffic cone,126,111,188,278
506.jpg,300,300,traffic cone,235,108,300,275
506.jpg,300,300,traffic cone,173,77,216,185
506.jpg,300,300,traffic cone,95,79,136,187
506.jpg,300,300,traffic cone,16,81,56,190
506.jpg,300,300,traffic cone,1,40,29,105
506.jpg,300,300,traffic cone,37,44,70,112
506.jpg,300,300,traffic cone,80,48,112,121
506.jpg,300,300,traffic cone,116,55,150,134
506.jpg,300,300,traffic cone,156,59,188,144
506.jpg,300,300,traffic cone,203,68,243,161
506.jpg,300,300,traffic cone,267,76,299,181
506.jpg,300,300,traffic cone,13,16,31,58
506.jpg,300,300,traffic cone,37,16,56,60
506.jpg,300,300,traffic cone,62,16,81,61
506.jpg,300,300,traffic cone,85,18,102,61
506.jpg,300,300,traffic cone,107,19,125,62
506.jpg,300,300,traffic cone,133,18,152,63
506.jpg,300,300,traffic cone,160,22,177,63
506.jpg,300,300,traffic cone,186,23,205,65
506.jpg,300,300,traffic cone,216,21,234,66
506.jpg,300,300,traffic cone,245,22,263,66
506.jpg,300,300,traffic cone,274,25,294,67
507.jpg,300,300,traffic cone,56,4,94,52
508.jpg,300,300,traffic cone,206,247,243,292
509.jpg,300,300,traffic cone,5,205,52,243
51.jpg,300,300,traffic cone,4,130,74,297
51.jpg,300,300,traffic cone,46,61,117,228
51.jpg,300,300,traffic cone,92,130,163,296
51.jpg,300,300,traffic cone,133,62,204,228
51.jpg,300,300,traffic cone,183,130,252,296
51.jpg,300,300,traffic cone,223,62,292,228
510.jpg,300,300,traffic cone,248,56,293,94
511.jpg,300,300,traffic cone,1,1,32,35
512.jpg,300,300,traffic cone,221,247,262,294
513.jpg,300,300,traffic cone,5,221,52,262
514.jpg,300,300,traffic cone,37,5,78,52
515.jpg,300,300,traffic cone,247,37,295,78
516.jpg,300,300,traffic cone,21,11,283,289
517.jpg,300,300,traffic cone,177,74,294,207
518.jpg,300,300,traffic cone,121,132,168,172
519.jpg,300,300,traffic cone,169,92,273,254
52.jpg,300,300,traffic cone,59,47,175,246
52.jpg,300,300,traffic cone,143,124,236,277
520.jpg,300,300,traffic cone,236,251,280,300
521.jpg,300,300,traffic cone,1,235,48,281
522.jpg,300,300,traffic cone,18,1,64,49
523.jpg,300,300,traffic cone,251,19,300,64
524.jpg,300,300,traffic cone,1,180,50,227
525.jpg,300,300,traffic cone,187,235,252,290
526.jpg,300,300,traffic cone,9,186,64,252
527.jpg,300,300,traffic cone,133,259,178,300
528.jpg,300,300,traffic cone,1,114,62,153
529.jpg,300,300,traffic cone,48,10,113,65
53.jpg,300,300,traffic cone,1,73,141,212
530.jpg,300,300,traffic cone,78,26,213,276
531.jpg,300,300,traffic cone,62,48,171,241
531.jpg,300,300,traffic cone,101,38,228,275
532.jpg,300,300,traffic cone,43,9,255,293
533.jpg,300,300,traffic cone,97,34,241,260
534.jpg,300,300,traffic cone,130,230,171,288
535.jpg,300,300,traffic cone,74,4,221,295
536.jpg,300,300,traffic cone,45,76,257,223
537.jpg,300,300,traffic cone,198,104,246,174
538.jpg,300,300,traffic cone,120,128,242,276
539.jpg,300,300,traffic cone,1,133,40,179
54.jpg,300,300,traffic cone,1,1,38,90
54.jpg,300,300,traffic cone,1,11,47,113
54.jpg,300,300,traffic cone,1,21,57,140
54.jpg,300,300,traffic cone,1,37,80,179
54.jpg,300,300,traffic cone,6,60,143,239
54.jpg,300,300,traffic cone,19,90,183,300
54.jpg,300,300,traffic cone,85,4,138,90
54.jpg,300,300,traffic cone,100,13,172,107
54.jpg,300,300,traffic cone,131,24,212,134
54.jpg,300,300,traffic cone,165,40,259,166
54.jpg,300,300,traffic cone,209,61,300,209
540.jpg,300,300,traffic cone,54,6,245,289
541.jpg,300,300,traffic cone,100,60,191,249
542.jpg,300,300,traffic cone,65,20,235,286
543.jpg,300,300,traffic cone,32,4,274,275
544.jpg,300,300,traffic cone,7,228,48,285
545.jpg,300,300,traffic cone,60,10,246,286
546.jpg,300,300,traffic cone,33,9,175,256
546.jpg,300,300,traffic cone,132,59,252,287
547.jpg,300,300,traffic cone,242,138,275,196
548.jpg,300,300,traffic cone,73,58,231,272
549.jpg,300,300,traffic cone,65,45,160,243
55.jpg,300,300,traffic cone,55,1,246,294
550.jpg,300,300,traffic cone,121,1,166,39
551.jpg,300,300,traffic cone,17,164,49,222
552.jpg,300,300,traffic cone,168,92,273,253
553.jpg,300,300,traffic cone,52,27,248,267
554.jpg,300,300,traffic cone,147,54,292,297
554.jpg,300,300,traffic cone,135,11,228,160
555.jpg,300,300,traffic cone,65,1,226,258
556.jpg,300,300,traffic cone,122,242,180,281
557.jpg,300,300,traffic cone,109,58,193,239
558.jpg,300,300,traffic cone,118,51,150,108
559.jpg,300,300,traffic cone,43,24,256,258
56.jpg,300,300,traffic cone,76,19,215,279
560.jpg,300,300,traffic cone,29,27,122,239
560.jpg,300,300,traffic cone,82,79,178,292
560.jpg,300,300,traffic cone,136,8,229,225
560.jpg,300,300,traffic cone,178,60,273,276
57.jpg,300,300,traffic cone,154,1,193,60
58.jpg,300,300,traffic cone,32,51,152,264
58.jpg,300,300,traffic cone,163,44,275,226
59.jpg,300,300,traffic cone,79,2,224,296
6.jpg,300,300,traffic cone,172,218,247,300
60.jpg,300,300,traffic cone,204,156,277,266
61.jpg,300,300,traffic cone,33,23,267,273
62.jpg,300,300,traffic cone,76,10,222,286
63.jpg,300,300,traffic cone,72,1,231,293
64.jpg,300,300,traffic cone,166,36,285,257
65.jpg,300,300,traffic cone,53,135,99,300
65.jpg,300,300,traffic cone,110,102,117,122
65.jpg,300,300,traffic cone,125,103,131,129
65.jpg,300,300,traffic cone,125,106,137,135
65.jpg,300,300,traffic cone,139,106,149,135
65.jpg,300,300,traffic cone,153,110,168,142
65.jpg,300,300,traffic cone,167,109,184,156
66.jpg,300,300,traffic cone,45,17,259,296
66.jpg,300,300,traffic cone,74,33,87,52
66.jpg,300,300,traffic cone,269,32,287,59
66.jpg,300,300,traffic cone,99,35,108,49
67.jpg,300,300,traffic cone,23,125,74,229
67.jpg,300,300,traffic cone,179,129,235,272
67.jpg,300,300,traffic cone,21,129,50,203
67.jpg,300,300,traffic cone,24,124,43,177
67.jpg,300,300,traffic cone,31,117,44,166
67.jpg,300,300,traffic cone,40,117,51,151
67.jpg,300,300,traffic cone,49,109,62,142
68.jpg,300,300,traffic cone,8,7,46,70
69.jpg,300,300,traffic cone,79,11,231,288
7.jpg,300,300,traffic cone,10,14,121,286
7.jpg,300,300,traffic cone,128,101,212,284
7.jpg,300,300,traffic cone,218,158,289,281
70.jpg,300,300,traffic cone,42,8,254,292
71.jpg,300,300,traffic cone,23,72,78,219
71.jpg,300,300,traffic cone,223,72,277,219
72.jpg,300,300,traffic cone,49,33,249,249
73.jpg,300,300,traffic cone,106,163,187,248
74.jpg,300,300,traffic cone,15,151,55,208
74.jpg,300,300,traffic cone,25,77,60,154
74.jpg,300,300,traffic cone,53,184,96,252
74.jpg,300,300,traffic cone,118,184,163,273
74.jpg,300,300,traffic cone,90,25,114,84
74.jpg,300,300,traffic cone,146,7,169,64
74.jpg,300,300,traffic cone,160,37,194,73
74.jpg,300,300,traffic cone,189,54,220,90
74.jpg,300,300,traffic cone,222,46,245,110
74.jpg,300,300,traffic cone,229,102,266,188
74.jpg,300,300,traffic cone,209,148,252,248
75.jpg,300,300,traffic cone,1,125,101,289
75.jpg,300,300,traffic cone,66,91,158,248
75.jpg,300,300,traffic cone,125,61,208,211
75.jpg,300,300,traffic cone,178,35,257,178
75.jpg,300,300,traffic cone,226,9,300,147
76.jpg,300,300,traffic cone,1,52,14,86
76.jpg,300,300,traffic cone,34,37,78,142
76.jpg,300,300,traffic cone,162,54,206,235
76.jpg,300,300,traffic cone,138,55,158,100
76.jpg,300,300,traffic cone,164,58,176,91
76.jpg,300,300,traffic cone,177,58,186,86
77.jpg,300,300,traffic cone,1,50,64,218
77.jpg,300,300,traffic cone,62,58,138,212
77.jpg,300,300,traffic cone,186,64,253,214
77.jpg,300,300,traffic cone,242,66,300,215
78.jpg,300,300,traffic cone,163,32,233,213
79.jpg,300,300,traffic cone,235,148,297,187
8.jpg,300,300,traffic cone,13,38,29,81
8.jpg,300,300,traffic cone,24,39,40,84
8.jpg,300,300,traffic cone,36,36,52,86
8.jpg,300,300,traffic cone,46,40,63,89
8.jpg,300,300,traffic cone,60,34,79,91
8.jpg,300,300,traffic cone,75,33,94,98
8.jpg,300,300,traffic cone,87,35,107,104
8.jpg,300,300,traffic cone,98,33,123,110
8.jpg,300,300,traffic cone,111,33,139,120
8.jpg,300,300,traffic cone,125,34,163,137
8.jpg,300,300,traffic cone,143,33,188,158
8.jpg,300,300,traffic cone,159,33,219,190
8.jpg,300,300,traffic cone,174,37,249,251
8.jpg,300,300,traffic cone,227,44,285,300
80.jpg,300,300,traffic cone,113,234,151,296
81.jpg,300,300,traffic cone,90,176,226,295
82.jpg,300,300,traffic cone,3,112,65,150
83.jpg,300,300,traffic cone,149,3,186,64
84.jpg,300,300,traffic cone,3,233,41,297
85.jpg,300,300,traffic cone,205,69,261,107
86.jpg,300,300,traffic cone,37,16,251,278
87.jpg,300,300,traffic cone,57,33,113,139
87.jpg,300,300,traffic cone,216,43,265,138
87.jpg,300,300,traffic cone,88,155,148,272
87.jpg,300,300,traffic cone,223,153,276,270
88.jpg,300,300,traffic cone,90,41,205,168
89.jpg,300,300,traffic cone,13,75,154,198
9.jpg,300,300,traffic cone,37,132,175,278
90.jpg,300,300,traffic cone,50,27,141,199
91.jpg,300,300,traffic cone,81,9,219,289
92.jpg,300,300,traffic cone,51,74,138,230
92.jpg,300,300,traffic cone,121,84,208,209
93.jpg,300,300,traffic cone,2,1,298,300
94.jpg,300,300,traffic cone,127,51,222,265
95.jpg,300,300,traffic cone,10,16,147,286
95.jpg,300,300,traffic cone,166,13,291,270
96.jpg,300,300,traffic cone,162,10,293,188
97.jpg,300,300,traffic cone,59,8,238,289
98.jpg,300,300,traffic cone,47,7,255,293
99.jpg,300,300,traffic cone,15,43,148,285
